id,stationId,name,control,status,longitude,latitude,resolution,description
1100000,wrf0_79.848206_6.535172,wrf0_79.848206_6.535172,virtual,n/a,79.8482,6.53517,0,WRF point
1100001,wrf0_79.875435_6.535172,wrf0_79.875435_6.535172,virtual,n/a,79.8754,6.53517,0,WRF point
1100002,wrf0_79.902664_6.535172,wrf0_79.902664_6.535172,virtual,n/a,79.9027,6.53517,0,WRF point
1100003,wrf0_79.929893_6.535172,wrf0_79.929893_6.535172,virtual,n/a,79.9299,6.53517,0,WRF point
1100004,wrf0_79.957123_6.535172,wrf0_79.957123_6.535172,virtual,n/a,79.9571,6.53517,0,WRF point
1100005,wrf0_79.984352_6.535172,wrf0_79.984352_6.535172,virtual,n/a,79.9844,6.53517,0,WRF point
1100006,wrf0_80.011581_6.535172,wrf0_80.011581_6.535172,virtual,n/a,80.0116,6.53517,0,WRF point
1100007,wrf0_80.038811_6.535172,wrf0_80.038811_6.535172,virtual,n/a,80.0388,6.53517,0,WRF point
1100008,wrf0_80.066040_6.535172,wrf0_80.066040_6.535172,virtual,n/a,80.066,6.53517,0,WRF point
1100009,wrf0_80.093269_6.535172,wrf0_80.093269_6.535172,virtual,n/a,80.0933,6.53517,0,WRF point
1100010,wrf0_80.120499_6.535172,wrf0_80.120499_6.535172,virtual,n/a,80.1205,6.53517,0,WRF point
1100011,wrf0_80.147728_6.535172,wrf0_80.147728_6.535172,virtual,n/a,80.1477,6.53517,0,WRF point
1100012,wrf0_80.174957_6.535172,wrf0_80.174957_6.535172,virtual,n/a,80.175,6.53517,0,WRF point
1100013,wrf0_80.202187_6.535172,wrf0_80.202187_6.535172,virtual,n/a,80.2022,6.53517,0,WRF point
1100014,wrf0_80.229416_6.535172,wrf0_80.229416_6.535172,virtual,n/a,80.2294,6.53517,0,WRF point
1100015,wrf0_80.256645_6.535172,wrf0_80.256645_6.535172,virtual,n/a,80.2566,6.53517,0,WRF point
1100016,wrf0_80.283875_6.535172,wrf0_80.283875_6.535172,virtual,n/a,80.2839,6.53517,0,WRF point
1100017,wrf0_80.311104_6.535172,wrf0_80.311104_6.535172,virtual,n/a,80.3111,6.53517,0,WRF point
1100018,wrf0_80.338333_6.535172,wrf0_80.338333_6.535172,virtual,n/a,80.3383,6.53517,0,WRF point
1100019,wrf0_80.365562_6.535172,wrf0_80.365562_6.535172,virtual,n/a,80.3656,6.53517,0,WRF point
1100020,wrf0_80.392792_6.535172,wrf0_80.392792_6.535172,virtual,n/a,80.3928,6.53517,0,WRF point
1100021,wrf0_80.420021_6.535172,wrf0_80.420021_6.535172,virtual,n/a,80.42,6.53517,0,WRF point
1100022,wrf0_80.447250_6.535172,wrf0_80.447250_6.535172,virtual,n/a,80.4473,6.53517,0,WRF point
1100023,wrf0_80.474480_6.535172,wrf0_80.474480_6.535172,virtual,n/a,80.4745,6.53517,0,WRF point
1100024,wrf0_80.501709_6.535172,wrf0_80.501709_6.535172,virtual,n/a,80.5017,6.53517,0,WRF point
1100025,wrf0_80.528938_6.535172,wrf0_80.528938_6.535172,virtual,n/a,80.5289,6.53517,0,WRF point
1100026,wrf0_80.556168_6.535172,wrf0_80.556168_6.535172,virtual,n/a,80.5562,6.53517,0,WRF point
1100027,wrf0_80.583397_6.535172,wrf0_80.583397_6.535172,virtual,n/a,80.5834,6.53517,0,WRF point
1100028,wrf0_80.610626_6.535172,wrf0_80.610626_6.535172,virtual,n/a,80.6106,6.53517,0,WRF point
1100029,wrf0_80.637856_6.535172,wrf0_80.637856_6.535172,virtual,n/a,80.6379,6.53517,0,WRF point
1100030,wrf0_80.665085_6.535172,wrf0_80.665085_6.535172,virtual,n/a,80.6651,6.53517,0,WRF point
1100031,wrf0_80.692314_6.535172,wrf0_80.692314_6.535172,virtual,n/a,80.6923,6.53517,0,WRF point
1100032,wrf0_80.719543_6.535172,wrf0_80.719543_6.535172,virtual,n/a,80.7195,6.53517,0,WRF point
1100033,wrf0_80.746773_6.535172,wrf0_80.746773_6.535172,virtual,n/a,80.7468,6.53517,0,WRF point
1100034,wrf0_80.774002_6.535172,wrf0_80.774002_6.535172,virtual,n/a,80.774,6.53517,0,WRF point
1100035,wrf0_79.848206_6.562225,wrf0_79.848206_6.562225,virtual,n/a,79.8482,6.56223,0,WRF point
1100036,wrf0_79.875435_6.562225,wrf0_79.875435_6.562225,virtual,n/a,79.8754,6.56223,0,WRF point
1100037,wrf0_79.902664_6.562225,wrf0_79.902664_6.562225,virtual,n/a,79.9027,6.56223,0,WRF point
1100038,wrf0_79.929893_6.562225,wrf0_79.929893_6.562225,virtual,n/a,79.9299,6.56223,0,WRF point
1100039,wrf0_79.957123_6.562225,wrf0_79.957123_6.562225,virtual,n/a,79.9571,6.56223,0,WRF point
1100040,wrf0_79.984352_6.562225,wrf0_79.984352_6.562225,virtual,n/a,79.9844,6.56223,0,WRF point
1100041,wrf0_80.011581_6.562225,wrf0_80.011581_6.562225,virtual,n/a,80.0116,6.56223,0,WRF point
1100042,wrf0_80.038811_6.562225,wrf0_80.038811_6.562225,virtual,n/a,80.0388,6.56223,0,WRF point
1100043,wrf0_80.066040_6.562225,wrf0_80.066040_6.562225,virtual,n/a,80.066,6.56223,0,WRF point
1100044,wrf0_80.093269_6.562225,wrf0_80.093269_6.562225,virtual,n/a,80.0933,6.56223,0,WRF point
1100045,wrf0_80.120499_6.562225,wrf0_80.120499_6.562225,virtual,n/a,80.1205,6.56223,0,WRF point
1100046,wrf0_80.147728_6.562225,wrf0_80.147728_6.562225,virtual,n/a,80.1477,6.56223,0,WRF point
1100047,wrf0_80.174957_6.562225,wrf0_80.174957_6.562225,virtual,n/a,80.175,6.56223,0,WRF point
1100048,wrf0_80.202187_6.562225,wrf0_80.202187_6.562225,virtual,n/a,80.2022,6.56223,0,WRF point
1100049,wrf0_80.229416_6.562225,wrf0_80.229416_6.562225,virtual,n/a,80.2294,6.56223,0,WRF point
1100050,wrf0_80.256645_6.562225,wrf0_80.256645_6.562225,virtual,n/a,80.2566,6.56223,0,WRF point
1100051,wrf0_80.283875_6.562225,wrf0_80.283875_6.562225,virtual,n/a,80.2839,6.56223,0,WRF point
1100052,wrf0_80.311104_6.562225,wrf0_80.311104_6.562225,virtual,n/a,80.3111,6.56223,0,WRF point
1100053,wrf0_80.338333_6.562225,wrf0_80.338333_6.562225,virtual,n/a,80.3383,6.56223,0,WRF point
1100054,wrf0_80.365562_6.562225,wrf0_80.365562_6.562225,virtual,n/a,80.3656,6.56223,0,WRF point
1100055,wrf0_80.392792_6.562225,wrf0_80.392792_6.562225,virtual,n/a,80.3928,6.56223,0,WRF point
1100056,wrf0_80.420021_6.562225,wrf0_80.420021_6.562225,virtual,n/a,80.42,6.56223,0,WRF point
1100057,wrf0_80.447250_6.562225,wrf0_80.447250_6.562225,virtual,n/a,80.4473,6.56223,0,WRF point
1100058,wrf0_80.474480_6.562225,wrf0_80.474480_6.562225,virtual,n/a,80.4745,6.56223,0,WRF point
1100059,wrf0_80.501709_6.562225,wrf0_80.501709_6.562225,virtual,n/a,80.5017,6.56223,0,WRF point
1100060,wrf0_80.528938_6.562225,wrf0_80.528938_6.562225,virtual,n/a,80.5289,6.56223,0,WRF point
1100061,wrf0_80.556168_6.562225,wrf0_80.556168_6.562225,virtual,n/a,80.5562,6.56223,0,WRF point
1100062,wrf0_80.583397_6.562225,wrf0_80.583397_6.562225,virtual,n/a,80.5834,6.56223,0,WRF point
1100063,wrf0_80.610626_6.562225,wrf0_80.610626_6.562225,virtual,n/a,80.6106,6.56223,0,WRF point
1100064,wrf0_80.637856_6.562225,wrf0_80.637856_6.562225,virtual,n/a,80.6379,6.56223,0,WRF point
1100065,wrf0_80.665085_6.562225,wrf0_80.665085_6.562225,virtual,n/a,80.6651,6.56223,0,WRF point
1100066,wrf0_80.692314_6.562225,wrf0_80.692314_6.562225,virtual,n/a,80.6923,6.56223,0,WRF point
1100067,wrf0_80.719543_6.562225,wrf0_80.719543_6.562225,virtual,n/a,80.7195,6.56223,0,WRF point
1100068,wrf0_80.746773_6.562225,wrf0_80.746773_6.562225,virtual,n/a,80.7468,6.56223,0,WRF point
1100069,wrf0_80.774002_6.562225,wrf0_80.774002_6.562225,virtual,n/a,80.774,6.56223,0,WRF point
1100070,wrf0_79.848206_6.589272,wrf0_79.848206_6.589272,virtual,n/a,79.8482,6.58927,0,WRF point
1100071,wrf0_79.875435_6.589272,wrf0_79.875435_6.589272,virtual,n/a,79.8754,6.58927,0,WRF point
1100072,wrf0_79.902664_6.589272,wrf0_79.902664_6.589272,virtual,n/a,79.9027,6.58927,0,WRF point
1100073,wrf0_79.929893_6.589272,wrf0_79.929893_6.589272,virtual,n/a,79.9299,6.58927,0,WRF point
1100074,wrf0_79.957123_6.589272,wrf0_79.957123_6.589272,virtual,n/a,79.9571,6.58927,0,WRF point
1100075,wrf0_79.984352_6.589272,wrf0_79.984352_6.589272,virtual,n/a,79.9844,6.58927,0,WRF point
1100076,wrf0_80.011581_6.589272,wrf0_80.011581_6.589272,virtual,n/a,80.0116,6.58927,0,WRF point
1100077,wrf0_80.038811_6.589272,wrf0_80.038811_6.589272,virtual,n/a,80.0388,6.58927,0,WRF point
1100078,wrf0_80.066040_6.589272,wrf0_80.066040_6.589272,virtual,n/a,80.066,6.58927,0,WRF point
1100079,wrf0_80.093269_6.589272,wrf0_80.093269_6.589272,virtual,n/a,80.0933,6.58927,0,WRF point
1100080,wrf0_80.120499_6.589272,wrf0_80.120499_6.589272,virtual,n/a,80.1205,6.58927,0,WRF point
1100081,wrf0_80.147728_6.589272,wrf0_80.147728_6.589272,virtual,n/a,80.1477,6.58927,0,WRF point
1100082,wrf0_80.174957_6.589272,wrf0_80.174957_6.589272,virtual,n/a,80.175,6.58927,0,WRF point
1100083,wrf0_80.202187_6.589272,wrf0_80.202187_6.589272,virtual,n/a,80.2022,6.58927,0,WRF point
1100084,wrf0_80.229416_6.589272,wrf0_80.229416_6.589272,virtual,n/a,80.2294,6.58927,0,WRF point
1100085,wrf0_80.256645_6.589272,wrf0_80.256645_6.589272,virtual,n/a,80.2566,6.58927,0,WRF point
1100086,wrf0_80.283875_6.589272,wrf0_80.283875_6.589272,virtual,n/a,80.2839,6.58927,0,WRF point
1100087,wrf0_80.311104_6.589272,wrf0_80.311104_6.589272,virtual,n/a,80.3111,6.58927,0,WRF point
1100088,wrf0_80.338333_6.589272,wrf0_80.338333_6.589272,virtual,n/a,80.3383,6.58927,0,WRF point
1100089,wrf0_80.365562_6.589272,wrf0_80.365562_6.589272,virtual,n/a,80.3656,6.58927,0,WRF point
1100090,wrf0_80.392792_6.589272,wrf0_80.392792_6.589272,virtual,n/a,80.3928,6.58927,0,WRF point
1100091,wrf0_80.420021_6.589272,wrf0_80.420021_6.589272,virtual,n/a,80.42,6.58927,0,WRF point
1100092,wrf0_80.447250_6.589272,wrf0_80.447250_6.589272,virtual,n/a,80.4473,6.58927,0,WRF point
1100093,wrf0_80.474480_6.589272,wrf0_80.474480_6.589272,virtual,n/a,80.4745,6.58927,0,WRF point
1100094,wrf0_80.501709_6.589272,wrf0_80.501709_6.589272,virtual,n/a,80.5017,6.58927,0,WRF point
1100095,wrf0_80.528938_6.589272,wrf0_80.528938_6.589272,virtual,n/a,80.5289,6.58927,0,WRF point
1100096,wrf0_80.556168_6.589272,wrf0_80.556168_6.589272,virtual,n/a,80.5562,6.58927,0,WRF point
1100097,wrf0_80.583397_6.589272,wrf0_80.583397_6.589272,virtual,n/a,80.5834,6.58927,0,WRF point
1100098,wrf0_80.610626_6.589272,wrf0_80.610626_6.589272,virtual,n/a,80.6106,6.58927,0,WRF point
1100099,wrf0_80.637856_6.589272,wrf0_80.637856_6.589272,virtual,n/a,80.6379,6.58927,0,WRF point
1100100,wrf0_80.665085_6.589272,wrf0_80.665085_6.589272,virtual,n/a,80.6651,6.58927,0,WRF point
1100101,wrf0_80.692314_6.589272,wrf0_80.692314_6.589272,virtual,n/a,80.6923,6.58927,0,WRF point
1100102,wrf0_80.719543_6.589272,wrf0_80.719543_6.589272,virtual,n/a,80.7195,6.58927,0,WRF point
1100103,wrf0_80.746773_6.589272,wrf0_80.746773_6.589272,virtual,n/a,80.7468,6.58927,0,WRF point
1100104,wrf0_80.774002_6.589272,wrf0_80.774002_6.589272,virtual,n/a,80.774,6.58927,0,WRF point
1100105,wrf0_79.848206_6.616318,wrf0_79.848206_6.616318,virtual,n/a,79.8482,6.61632,0,WRF point
1100106,wrf0_79.875435_6.616318,wrf0_79.875435_6.616318,virtual,n/a,79.8754,6.61632,0,WRF point
1100107,wrf0_79.902664_6.616318,wrf0_79.902664_6.616318,virtual,n/a,79.9027,6.61632,0,WRF point
1100108,wrf0_79.929893_6.616318,wrf0_79.929893_6.616318,virtual,n/a,79.9299,6.61632,0,WRF point
1100109,wrf0_79.957123_6.616318,wrf0_79.957123_6.616318,virtual,n/a,79.9571,6.61632,0,WRF point
1100110,wrf0_79.984352_6.616318,wrf0_79.984352_6.616318,virtual,n/a,79.9844,6.61632,0,WRF point
1100111,wrf0_80.011581_6.616318,wrf0_80.011581_6.616318,virtual,n/a,80.0116,6.61632,0,WRF point
1100112,wrf0_80.038811_6.616318,wrf0_80.038811_6.616318,virtual,n/a,80.0388,6.61632,0,WRF point
1100113,wrf0_80.066040_6.616318,wrf0_80.066040_6.616318,virtual,n/a,80.066,6.61632,0,WRF point
1100114,wrf0_80.093269_6.616318,wrf0_80.093269_6.616318,virtual,n/a,80.0933,6.61632,0,WRF point
1100115,wrf0_80.120499_6.616318,wrf0_80.120499_6.616318,virtual,n/a,80.1205,6.61632,0,WRF point
1100116,wrf0_80.147728_6.616318,wrf0_80.147728_6.616318,virtual,n/a,80.1477,6.61632,0,WRF point
1100117,wrf0_80.174957_6.616318,wrf0_80.174957_6.616318,virtual,n/a,80.175,6.61632,0,WRF point
1100118,wrf0_80.202187_6.616318,wrf0_80.202187_6.616318,virtual,n/a,80.2022,6.61632,0,WRF point
1100119,wrf0_80.229416_6.616318,wrf0_80.229416_6.616318,virtual,n/a,80.2294,6.61632,0,WRF point
1100120,wrf0_80.256645_6.616318,wrf0_80.256645_6.616318,virtual,n/a,80.2566,6.61632,0,WRF point
1100121,wrf0_80.283875_6.616318,wrf0_80.283875_6.616318,virtual,n/a,80.2839,6.61632,0,WRF point
1100122,wrf0_80.311104_6.616318,wrf0_80.311104_6.616318,virtual,n/a,80.3111,6.61632,0,WRF point
1100123,wrf0_80.338333_6.616318,wrf0_80.338333_6.616318,virtual,n/a,80.3383,6.61632,0,WRF point
1100124,wrf0_80.365562_6.616318,wrf0_80.365562_6.616318,virtual,n/a,80.3656,6.61632,0,WRF point
1100125,wrf0_80.392792_6.616318,wrf0_80.392792_6.616318,virtual,n/a,80.3928,6.61632,0,WRF point
1100126,wrf0_80.420021_6.616318,wrf0_80.420021_6.616318,virtual,n/a,80.42,6.61632,0,WRF point
1100127,wrf0_80.447250_6.616318,wrf0_80.447250_6.616318,virtual,n/a,80.4473,6.61632,0,WRF point
1100128,wrf0_80.474480_6.616318,wrf0_80.474480_6.616318,virtual,n/a,80.4745,6.61632,0,WRF point
1100129,wrf0_80.501709_6.616318,wrf0_80.501709_6.616318,virtual,n/a,80.5017,6.61632,0,WRF point
1100130,wrf0_80.528938_6.616318,wrf0_80.528938_6.616318,virtual,n/a,80.5289,6.61632,0,WRF point
1100131,wrf0_80.556168_6.616318,wrf0_80.556168_6.616318,virtual,n/a,80.5562,6.61632,0,WRF point
1100132,wrf0_80.583397_6.616318,wrf0_80.583397_6.616318,virtual,n/a,80.5834,6.61632,0,WRF point
1100133,wrf0_80.610626_6.616318,wrf0_80.610626_6.616318,virtual,n/a,80.6106,6.61632,0,WRF point
1100134,wrf0_80.637856_6.616318,wrf0_80.637856_6.616318,virtual,n/a,80.6379,6.61632,0,WRF point
1100135,wrf0_80.665085_6.616318,wrf0_80.665085_6.616318,virtual,n/a,80.6651,6.61632,0,WRF point
1100136,wrf0_80.692314_6.616318,wrf0_80.692314_6.616318,virtual,n/a,80.6923,6.61632,0,WRF point
1100137,wrf0_80.719543_6.616318,wrf0_80.719543_6.616318,virtual,n/a,80.7195,6.61632,0,WRF point
1100138,wrf0_80.746773_6.616318,wrf0_80.746773_6.616318,virtual,n/a,80.7468,6.61632,0,WRF point
1100139,wrf0_80.774002_6.616318,wrf0_80.774002_6.616318,virtual,n/a,80.774,6.61632,0,WRF point
1100140,wrf0_79.848206_6.643364,wrf0_79.848206_6.643364,virtual,n/a,79.8482,6.64336,0,WRF point
1100141,wrf0_79.875435_6.643364,wrf0_79.875435_6.643364,virtual,n/a,79.8754,6.64336,0,WRF point
1100142,wrf0_79.902664_6.643364,wrf0_79.902664_6.643364,virtual,n/a,79.9027,6.64336,0,WRF point
1100143,wrf0_79.929893_6.643364,wrf0_79.929893_6.643364,virtual,n/a,79.9299,6.64336,0,WRF point
1100144,wrf0_79.957123_6.643364,wrf0_79.957123_6.643364,virtual,n/a,79.9571,6.64336,0,WRF point
1100145,wrf0_79.984352_6.643364,wrf0_79.984352_6.643364,virtual,n/a,79.9844,6.64336,0,WRF point
1100146,wrf0_80.011581_6.643364,wrf0_80.011581_6.643364,virtual,n/a,80.0116,6.64336,0,WRF point
1100147,wrf0_80.038811_6.643364,wrf0_80.038811_6.643364,virtual,n/a,80.0388,6.64336,0,WRF point
1100148,wrf0_80.066040_6.643364,wrf0_80.066040_6.643364,virtual,n/a,80.066,6.64336,0,WRF point
1100149,wrf0_80.093269_6.643364,wrf0_80.093269_6.643364,virtual,n/a,80.0933,6.64336,0,WRF point
1100150,wrf0_80.120499_6.643364,wrf0_80.120499_6.643364,virtual,n/a,80.1205,6.64336,0,WRF point
1100151,wrf0_80.147728_6.643364,wrf0_80.147728_6.643364,virtual,n/a,80.1477,6.64336,0,WRF point
1100152,wrf0_80.174957_6.643364,wrf0_80.174957_6.643364,virtual,n/a,80.175,6.64336,0,WRF point
1100153,wrf0_80.202187_6.643364,wrf0_80.202187_6.643364,virtual,n/a,80.2022,6.64336,0,WRF point
1100154,wrf0_80.229416_6.643364,wrf0_80.229416_6.643364,virtual,n/a,80.2294,6.64336,0,WRF point
1100155,wrf0_80.256645_6.643364,wrf0_80.256645_6.643364,virtual,n/a,80.2566,6.64336,0,WRF point
1100156,wrf0_80.283875_6.643364,wrf0_80.283875_6.643364,virtual,n/a,80.2839,6.64336,0,WRF point
1100157,wrf0_80.311104_6.643364,wrf0_80.311104_6.643364,virtual,n/a,80.3111,6.64336,0,WRF point
1100158,wrf0_80.338333_6.643364,wrf0_80.338333_6.643364,virtual,n/a,80.3383,6.64336,0,WRF point
1100159,wrf0_80.365562_6.643364,wrf0_80.365562_6.643364,virtual,n/a,80.3656,6.64336,0,WRF point
1100160,wrf0_80.392792_6.643364,wrf0_80.392792_6.643364,virtual,n/a,80.3928,6.64336,0,WRF point
1100161,wrf0_80.420021_6.643364,wrf0_80.420021_6.643364,virtual,n/a,80.42,6.64336,0,WRF point
1100162,wrf0_80.447250_6.643364,wrf0_80.447250_6.643364,virtual,n/a,80.4473,6.64336,0,WRF point
1100163,wrf0_80.474480_6.643364,wrf0_80.474480_6.643364,virtual,n/a,80.4745,6.64336,0,WRF point
1100164,wrf0_80.501709_6.643364,wrf0_80.501709_6.643364,virtual,n/a,80.5017,6.64336,0,WRF point
1100165,wrf0_80.528938_6.643364,wrf0_80.528938_6.643364,virtual,n/a,80.5289,6.64336,0,WRF point
1100166,wrf0_80.556168_6.643364,wrf0_80.556168_6.643364,virtual,n/a,80.5562,6.64336,0,WRF point
1100167,wrf0_80.583397_6.643364,wrf0_80.583397_6.643364,virtual,n/a,80.5834,6.64336,0,WRF point
1100168,wrf0_80.610626_6.643364,wrf0_80.610626_6.643364,virtual,n/a,80.6106,6.64336,0,WRF point
1100169,wrf0_80.637856_6.643364,wrf0_80.637856_6.643364,virtual,n/a,80.6379,6.64336,0,WRF point
1100170,wrf0_80.665085_6.643364,wrf0_80.665085_6.643364,virtual,n/a,80.6651,6.64336,0,WRF point
1100171,wrf0_80.692314_6.643364,wrf0_80.692314_6.643364,virtual,n/a,80.6923,6.64336,0,WRF point
1100172,wrf0_80.719543_6.643364,wrf0_80.719543_6.643364,virtual,n/a,80.7195,6.64336,0,WRF point
1100173,wrf0_80.746773_6.643364,wrf0_80.746773_6.643364,virtual,n/a,80.7468,6.64336,0,WRF point
1100174,wrf0_80.774002_6.643364,wrf0_80.774002_6.643364,virtual,n/a,80.774,6.64336,0,WRF point
1100175,wrf0_79.848206_6.670418,wrf0_79.848206_6.670418,virtual,n/a,79.8482,6.67042,0,WRF point
1100176,wrf0_79.875435_6.670418,wrf0_79.875435_6.670418,virtual,n/a,79.8754,6.67042,0,WRF point
1100177,wrf0_79.902664_6.670418,wrf0_79.902664_6.670418,virtual,n/a,79.9027,6.67042,0,WRF point
1100178,wrf0_79.929893_6.670418,wrf0_79.929893_6.670418,virtual,n/a,79.9299,6.67042,0,WRF point
1100179,wrf0_79.957123_6.670418,wrf0_79.957123_6.670418,virtual,n/a,79.9571,6.67042,0,WRF point
1100180,wrf0_79.984352_6.670418,wrf0_79.984352_6.670418,virtual,n/a,79.9844,6.67042,0,WRF point
1100181,wrf0_80.011581_6.670418,wrf0_80.011581_6.670418,virtual,n/a,80.0116,6.67042,0,WRF point
1100182,wrf0_80.038811_6.670418,wrf0_80.038811_6.670418,virtual,n/a,80.0388,6.67042,0,WRF point
1100183,wrf0_80.066040_6.670418,wrf0_80.066040_6.670418,virtual,n/a,80.066,6.67042,0,WRF point
1100184,wrf0_80.093269_6.670418,wrf0_80.093269_6.670418,virtual,n/a,80.0933,6.67042,0,WRF point
1100185,wrf0_80.120499_6.670418,wrf0_80.120499_6.670418,virtual,n/a,80.1205,6.67042,0,WRF point
1100186,wrf0_80.147728_6.670418,wrf0_80.147728_6.670418,virtual,n/a,80.1477,6.67042,0,WRF point
1100187,wrf0_80.174957_6.670418,wrf0_80.174957_6.670418,virtual,n/a,80.175,6.67042,0,WRF point
1100188,wrf0_80.202187_6.670418,wrf0_80.202187_6.670418,virtual,n/a,80.2022,6.67042,0,WRF point
1100189,wrf0_80.229416_6.670418,wrf0_80.229416_6.670418,virtual,n/a,80.2294,6.67042,0,WRF point
1100190,wrf0_80.256645_6.670418,wrf0_80.256645_6.670418,virtual,n/a,80.2566,6.67042,0,WRF point
1100191,wrf0_80.283875_6.670418,wrf0_80.283875_6.670418,virtual,n/a,80.2839,6.67042,0,WRF point
1100192,wrf0_80.311104_6.670418,wrf0_80.311104_6.670418,virtual,n/a,80.3111,6.67042,0,WRF point
1100193,wrf0_80.338333_6.670418,wrf0_80.338333_6.670418,virtual,n/a,80.3383,6.67042,0,WRF point
1100194,wrf0_80.365562_6.670418,wrf0_80.365562_6.670418,virtual,n/a,80.3656,6.67042,0,WRF point
1100195,wrf0_80.392792_6.670418,wrf0_80.392792_6.670418,virtual,n/a,80.3928,6.67042,0,WRF point
1100196,wrf0_80.420021_6.670418,wrf0_80.420021_6.670418,virtual,n/a,80.42,6.67042,0,WRF point
1100197,wrf0_80.447250_6.670418,wrf0_80.447250_6.670418,virtual,n/a,80.4473,6.67042,0,WRF point
1100198,wrf0_80.474480_6.670418,wrf0_80.474480_6.670418,virtual,n/a,80.4745,6.67042,0,WRF point
1100199,wrf0_80.501709_6.670418,wrf0_80.501709_6.670418,virtual,n/a,80.5017,6.67042,0,WRF point
1100200,wrf0_80.528938_6.670418,wrf0_80.528938_6.670418,virtual,n/a,80.5289,6.67042,0,WRF point
1100201,wrf0_80.556168_6.670418,wrf0_80.556168_6.670418,virtual,n/a,80.5562,6.67042,0,WRF point
1100202,wrf0_80.583397_6.670418,wrf0_80.583397_6.670418,virtual,n/a,80.5834,6.67042,0,WRF point
1100203,wrf0_80.610626_6.670418,wrf0_80.610626_6.670418,virtual,n/a,80.6106,6.67042,0,WRF point
1100204,wrf0_80.637856_6.670418,wrf0_80.637856_6.670418,virtual,n/a,80.6379,6.67042,0,WRF point
1100205,wrf0_80.665085_6.670418,wrf0_80.665085_6.670418,virtual,n/a,80.6651,6.67042,0,WRF point
1100206,wrf0_80.692314_6.670418,wrf0_80.692314_6.670418,virtual,n/a,80.6923,6.67042,0,WRF point
1100207,wrf0_80.719543_6.670418,wrf0_80.719543_6.670418,virtual,n/a,80.7195,6.67042,0,WRF point
1100208,wrf0_80.746773_6.670418,wrf0_80.746773_6.670418,virtual,n/a,80.7468,6.67042,0,WRF point
1100209,wrf0_80.774002_6.670418,wrf0_80.774002_6.670418,virtual,n/a,80.774,6.67042,0,WRF point
1100210,wrf0_79.848206_6.697456,wrf0_79.848206_6.697456,virtual,n/a,79.8482,6.69746,0,WRF point
1100211,wrf0_79.875435_6.697456,wrf0_79.875435_6.697456,virtual,n/a,79.8754,6.69746,0,WRF point
1100212,wrf0_79.902664_6.697456,wrf0_79.902664_6.697456,virtual,n/a,79.9027,6.69746,0,WRF point
1100213,wrf0_79.929893_6.697456,wrf0_79.929893_6.697456,virtual,n/a,79.9299,6.69746,0,WRF point
1100214,wrf0_79.957123_6.697456,wrf0_79.957123_6.697456,virtual,n/a,79.9571,6.69746,0,WRF point
1100215,wrf0_79.984352_6.697456,wrf0_79.984352_6.697456,virtual,n/a,79.9844,6.69746,0,WRF point
1100216,wrf0_80.011581_6.697456,wrf0_80.011581_6.697456,virtual,n/a,80.0116,6.69746,0,WRF point
1100217,wrf0_80.038811_6.697456,wrf0_80.038811_6.697456,virtual,n/a,80.0388,6.69746,0,WRF point
1100218,wrf0_80.066040_6.697456,wrf0_80.066040_6.697456,virtual,n/a,80.066,6.69746,0,WRF point
1100219,wrf0_80.093269_6.697456,wrf0_80.093269_6.697456,virtual,n/a,80.0933,6.69746,0,WRF point
1100220,wrf0_80.120499_6.697456,wrf0_80.120499_6.697456,virtual,n/a,80.1205,6.69746,0,WRF point
1100221,wrf0_80.147728_6.697456,wrf0_80.147728_6.697456,virtual,n/a,80.1477,6.69746,0,WRF point
1100222,wrf0_80.174957_6.697456,wrf0_80.174957_6.697456,virtual,n/a,80.175,6.69746,0,WRF point
1100223,wrf0_80.202187_6.697456,wrf0_80.202187_6.697456,virtual,n/a,80.2022,6.69746,0,WRF point
1100224,wrf0_80.229416_6.697456,wrf0_80.229416_6.697456,virtual,n/a,80.2294,6.69746,0,WRF point
1100225,wrf0_80.256645_6.697456,wrf0_80.256645_6.697456,virtual,n/a,80.2566,6.69746,0,WRF point
1100226,wrf0_80.283875_6.697456,wrf0_80.283875_6.697456,virtual,n/a,80.2839,6.69746,0,WRF point
1100227,wrf0_80.311104_6.697456,wrf0_80.311104_6.697456,virtual,n/a,80.3111,6.69746,0,WRF point
1100228,wrf0_80.338333_6.697456,wrf0_80.338333_6.697456,virtual,n/a,80.3383,6.69746,0,WRF point
1100229,wrf0_80.365562_6.697456,wrf0_80.365562_6.697456,virtual,n/a,80.3656,6.69746,0,WRF point
1100230,wrf0_80.392792_6.697456,wrf0_80.392792_6.697456,virtual,n/a,80.3928,6.69746,0,WRF point
1100231,wrf0_80.420021_6.697456,wrf0_80.420021_6.697456,virtual,n/a,80.42,6.69746,0,WRF point
1100232,wrf0_80.447250_6.697456,wrf0_80.447250_6.697456,virtual,n/a,80.4473,6.69746,0,WRF point
1100233,wrf0_80.474480_6.697456,wrf0_80.474480_6.697456,virtual,n/a,80.4745,6.69746,0,WRF point
1100234,wrf0_80.501709_6.697456,wrf0_80.501709_6.697456,virtual,n/a,80.5017,6.69746,0,WRF point
1100235,wrf0_80.528938_6.697456,wrf0_80.528938_6.697456,virtual,n/a,80.5289,6.69746,0,WRF point
1100236,wrf0_80.556168_6.697456,wrf0_80.556168_6.697456,virtual,n/a,80.5562,6.69746,0,WRF point
1100237,wrf0_80.583397_6.697456,wrf0_80.583397_6.697456,virtual,n/a,80.5834,6.69746,0,WRF point
1100238,wrf0_80.610626_6.697456,wrf0_80.610626_6.697456,virtual,n/a,80.6106,6.69746,0,WRF point
1100239,wrf0_80.637856_6.697456,wrf0_80.637856_6.697456,virtual,n/a,80.6379,6.69746,0,WRF point
1100240,wrf0_80.665085_6.697456,wrf0_80.665085_6.697456,virtual,n/a,80.6651,6.69746,0,WRF point
1100241,wrf0_80.692314_6.697456,wrf0_80.692314_6.697456,virtual,n/a,80.6923,6.69746,0,WRF point
1100242,wrf0_80.719543_6.697456,wrf0_80.719543_6.697456,virtual,n/a,80.7195,6.69746,0,WRF point
1100243,wrf0_80.746773_6.697456,wrf0_80.746773_6.697456,virtual,n/a,80.7468,6.69746,0,WRF point
1100244,wrf0_80.774002_6.697456,wrf0_80.774002_6.697456,virtual,n/a,80.774,6.69746,0,WRF point
1100245,wrf0_79.848206_6.724495,wrf0_79.848206_6.724495,virtual,n/a,79.8482,6.72449,0,WRF point
1100246,wrf0_79.875435_6.724495,wrf0_79.875435_6.724495,virtual,n/a,79.8754,6.72449,0,WRF point
1100247,wrf0_79.902664_6.724495,wrf0_79.902664_6.724495,virtual,n/a,79.9027,6.72449,0,WRF point
1100248,wrf0_79.929893_6.724495,wrf0_79.929893_6.724495,virtual,n/a,79.9299,6.72449,0,WRF point
1100249,wrf0_79.957123_6.724495,wrf0_79.957123_6.724495,virtual,n/a,79.9571,6.72449,0,WRF point
1100250,wrf0_79.984352_6.724495,wrf0_79.984352_6.724495,virtual,n/a,79.9844,6.72449,0,WRF point
1100251,wrf0_80.011581_6.724495,wrf0_80.011581_6.724495,virtual,n/a,80.0116,6.72449,0,WRF point
1100252,wrf0_80.038811_6.724495,wrf0_80.038811_6.724495,virtual,n/a,80.0388,6.72449,0,WRF point
1100253,wrf0_80.066040_6.724495,wrf0_80.066040_6.724495,virtual,n/a,80.066,6.72449,0,WRF point
1100254,wrf0_80.093269_6.724495,wrf0_80.093269_6.724495,virtual,n/a,80.0933,6.72449,0,WRF point
1100255,wrf0_80.120499_6.724495,wrf0_80.120499_6.724495,virtual,n/a,80.1205,6.72449,0,WRF point
1100256,wrf0_80.147728_6.724495,wrf0_80.147728_6.724495,virtual,n/a,80.1477,6.72449,0,WRF point
1100257,wrf0_80.174957_6.724495,wrf0_80.174957_6.724495,virtual,n/a,80.175,6.72449,0,WRF point
1100258,wrf0_80.202187_6.724495,wrf0_80.202187_6.724495,virtual,n/a,80.2022,6.72449,0,WRF point
1100259,wrf0_80.229416_6.724495,wrf0_80.229416_6.724495,virtual,n/a,80.2294,6.72449,0,WRF point
1100260,wrf0_80.256645_6.724495,wrf0_80.256645_6.724495,virtual,n/a,80.2566,6.72449,0,WRF point
1100261,wrf0_80.283875_6.724495,wrf0_80.283875_6.724495,virtual,n/a,80.2839,6.72449,0,WRF point
1100262,wrf0_80.311104_6.724495,wrf0_80.311104_6.724495,virtual,n/a,80.3111,6.72449,0,WRF point
1100263,wrf0_80.338333_6.724495,wrf0_80.338333_6.724495,virtual,n/a,80.3383,6.72449,0,WRF point
1100264,wrf0_80.365562_6.724495,wrf0_80.365562_6.724495,virtual,n/a,80.3656,6.72449,0,WRF point
1100265,wrf0_80.392792_6.724495,wrf0_80.392792_6.724495,virtual,n/a,80.3928,6.72449,0,WRF point
1100266,wrf0_80.420021_6.724495,wrf0_80.420021_6.724495,virtual,n/a,80.42,6.72449,0,WRF point
1100267,wrf0_80.447250_6.724495,wrf0_80.447250_6.724495,virtual,n/a,80.4473,6.72449,0,WRF point
1100268,wrf0_80.474480_6.724495,wrf0_80.474480_6.724495,virtual,n/a,80.4745,6.72449,0,WRF point
1100269,wrf0_80.501709_6.724495,wrf0_80.501709_6.724495,virtual,n/a,80.5017,6.72449,0,WRF point
1100270,wrf0_80.528938_6.724495,wrf0_80.528938_6.724495,virtual,n/a,80.5289,6.72449,0,WRF point
1100271,wrf0_80.556168_6.724495,wrf0_80.556168_6.724495,virtual,n/a,80.5562,6.72449,0,WRF point
1100272,wrf0_80.583397_6.724495,wrf0_80.583397_6.724495,virtual,n/a,80.5834,6.72449,0,WRF point
1100273,wrf0_80.610626_6.724495,wrf0_80.610626_6.724495,virtual,n/a,80.6106,6.72449,0,WRF point
1100274,wrf0_80.637856_6.724495,wrf0_80.637856_6.724495,virtual,n/a,80.6379,6.72449,0,WRF point
1100275,wrf0_80.665085_6.724495,wrf0_80.665085_6.724495,virtual,n/a,80.6651,6.72449,0,WRF point
1100276,wrf0_80.692314_6.724495,wrf0_80.692314_6.724495,virtual,n/a,80.6923,6.72449,0,WRF point
1100277,wrf0_80.719543_6.724495,wrf0_80.719543_6.724495,virtual,n/a,80.7195,6.72449,0,WRF point
1100278,wrf0_80.746773_6.724495,wrf0_80.746773_6.724495,virtual,n/a,80.7468,6.72449,0,WRF point
1100279,wrf0_80.774002_6.724495,wrf0_80.774002_6.724495,virtual,n/a,80.774,6.72449,0,WRF point
1100280,wrf0_79.848206_6.751541,wrf0_79.848206_6.751541,virtual,n/a,79.8482,6.75154,0,WRF point
1100281,wrf0_79.875435_6.751541,wrf0_79.875435_6.751541,virtual,n/a,79.8754,6.75154,0,WRF point
1100282,wrf0_79.902664_6.751541,wrf0_79.902664_6.751541,virtual,n/a,79.9027,6.75154,0,WRF point
1100283,wrf0_79.929893_6.751541,wrf0_79.929893_6.751541,virtual,n/a,79.9299,6.75154,0,WRF point
1100284,wrf0_79.957123_6.751541,wrf0_79.957123_6.751541,virtual,n/a,79.9571,6.75154,0,WRF point
1100285,wrf0_79.984352_6.751541,wrf0_79.984352_6.751541,virtual,n/a,79.9844,6.75154,0,WRF point
1100286,wrf0_80.011581_6.751541,wrf0_80.011581_6.751541,virtual,n/a,80.0116,6.75154,0,WRF point
1100287,wrf0_80.038811_6.751541,wrf0_80.038811_6.751541,virtual,n/a,80.0388,6.75154,0,WRF point
1100288,wrf0_80.066040_6.751541,wrf0_80.066040_6.751541,virtual,n/a,80.066,6.75154,0,WRF point
1100289,wrf0_80.093269_6.751541,wrf0_80.093269_6.751541,virtual,n/a,80.0933,6.75154,0,WRF point
1100290,wrf0_80.120499_6.751541,wrf0_80.120499_6.751541,virtual,n/a,80.1205,6.75154,0,WRF point
1100291,wrf0_80.147728_6.751541,wrf0_80.147728_6.751541,virtual,n/a,80.1477,6.75154,0,WRF point
1100292,wrf0_80.174957_6.751541,wrf0_80.174957_6.751541,virtual,n/a,80.175,6.75154,0,WRF point
1100293,wrf0_80.202187_6.751541,wrf0_80.202187_6.751541,virtual,n/a,80.2022,6.75154,0,WRF point
1100294,wrf0_80.229416_6.751541,wrf0_80.229416_6.751541,virtual,n/a,80.2294,6.75154,0,WRF point
1100295,wrf0_80.256645_6.751541,wrf0_80.256645_6.751541,virtual,n/a,80.2566,6.75154,0,WRF point
1100296,wrf0_80.283875_6.751541,wrf0_80.283875_6.751541,virtual,n/a,80.2839,6.75154,0,WRF point
1100297,wrf0_80.311104_6.751541,wrf0_80.311104_6.751541,virtual,n/a,80.3111,6.75154,0,WRF point
1100298,wrf0_80.338333_6.751541,wrf0_80.338333_6.751541,virtual,n/a,80.3383,6.75154,0,WRF point
1100299,wrf0_80.365562_6.751541,wrf0_80.365562_6.751541,virtual,n/a,80.3656,6.75154,0,WRF point
1100300,wrf0_80.392792_6.751541,wrf0_80.392792_6.751541,virtual,n/a,80.3928,6.75154,0,WRF point
1100301,wrf0_80.420021_6.751541,wrf0_80.420021_6.751541,virtual,n/a,80.42,6.75154,0,WRF point
1100302,wrf0_80.447250_6.751541,wrf0_80.447250_6.751541,virtual,n/a,80.4473,6.75154,0,WRF point
1100303,wrf0_80.474480_6.751541,wrf0_80.474480_6.751541,virtual,n/a,80.4745,6.75154,0,WRF point
1100304,wrf0_80.501709_6.751541,wrf0_80.501709_6.751541,virtual,n/a,80.5017,6.75154,0,WRF point
1100305,wrf0_80.528938_6.751541,wrf0_80.528938_6.751541,virtual,n/a,80.5289,6.75154,0,WRF point
1100306,wrf0_80.556168_6.751541,wrf0_80.556168_6.751541,virtual,n/a,80.5562,6.75154,0,WRF point
1100307,wrf0_80.583397_6.751541,wrf0_80.583397_6.751541,virtual,n/a,80.5834,6.75154,0,WRF point
1100308,wrf0_80.610626_6.751541,wrf0_80.610626_6.751541,virtual,n/a,80.6106,6.75154,0,WRF point
1100309,wrf0_80.637856_6.751541,wrf0_80.637856_6.751541,virtual,n/a,80.6379,6.75154,0,WRF point
1100310,wrf0_80.665085_6.751541,wrf0_80.665085_6.751541,virtual,n/a,80.6651,6.75154,0,WRF point
1100311,wrf0_80.692314_6.751541,wrf0_80.692314_6.751541,virtual,n/a,80.6923,6.75154,0,WRF point
1100312,wrf0_80.719543_6.751541,wrf0_80.719543_6.751541,virtual,n/a,80.7195,6.75154,0,WRF point
1100313,wrf0_80.746773_6.751541,wrf0_80.746773_6.751541,virtual,n/a,80.7468,6.75154,0,WRF point
1100314,wrf0_80.774002_6.751541,wrf0_80.774002_6.751541,virtual,n/a,80.774,6.75154,0,WRF point
1100315,wrf0_79.848206_6.778587,wrf0_79.848206_6.778587,virtual,n/a,79.8482,6.77859,0,WRF point
1100316,wrf0_79.875435_6.778587,wrf0_79.875435_6.778587,virtual,n/a,79.8754,6.77859,0,WRF point
1100317,wrf0_79.902664_6.778587,wrf0_79.902664_6.778587,virtual,n/a,79.9027,6.77859,0,WRF point
1100318,wrf0_79.929893_6.778587,wrf0_79.929893_6.778587,virtual,n/a,79.9299,6.77859,0,WRF point
1100319,wrf0_79.957123_6.778587,wrf0_79.957123_6.778587,virtual,n/a,79.9571,6.77859,0,WRF point
1100320,wrf0_79.984352_6.778587,wrf0_79.984352_6.778587,virtual,n/a,79.9844,6.77859,0,WRF point
1100321,wrf0_80.011581_6.778587,wrf0_80.011581_6.778587,virtual,n/a,80.0116,6.77859,0,WRF point
1100322,wrf0_80.038811_6.778587,wrf0_80.038811_6.778587,virtual,n/a,80.0388,6.77859,0,WRF point
1100323,wrf0_80.066040_6.778587,wrf0_80.066040_6.778587,virtual,n/a,80.066,6.77859,0,WRF point
1100324,wrf0_80.093269_6.778587,wrf0_80.093269_6.778587,virtual,n/a,80.0933,6.77859,0,WRF point
1100325,wrf0_80.120499_6.778587,wrf0_80.120499_6.778587,virtual,n/a,80.1205,6.77859,0,WRF point
1100326,wrf0_80.147728_6.778587,wrf0_80.147728_6.778587,virtual,n/a,80.1477,6.77859,0,WRF point
1100327,wrf0_80.174957_6.778587,wrf0_80.174957_6.778587,virtual,n/a,80.175,6.77859,0,WRF point
1100328,wrf0_80.202187_6.778587,wrf0_80.202187_6.778587,virtual,n/a,80.2022,6.77859,0,WRF point
1100329,wrf0_80.229416_6.778587,wrf0_80.229416_6.778587,virtual,n/a,80.2294,6.77859,0,WRF point
1100330,wrf0_80.256645_6.778587,wrf0_80.256645_6.778587,virtual,n/a,80.2566,6.77859,0,WRF point
1100331,wrf0_80.283875_6.778587,wrf0_80.283875_6.778587,virtual,n/a,80.2839,6.77859,0,WRF point
1100332,wrf0_80.311104_6.778587,wrf0_80.311104_6.778587,virtual,n/a,80.3111,6.77859,0,WRF point
1100333,wrf0_80.338333_6.778587,wrf0_80.338333_6.778587,virtual,n/a,80.3383,6.77859,0,WRF point
1100334,wrf0_80.365562_6.778587,wrf0_80.365562_6.778587,virtual,n/a,80.3656,6.77859,0,WRF point
1100335,wrf0_80.392792_6.778587,wrf0_80.392792_6.778587,virtual,n/a,80.3928,6.77859,0,WRF point
1100336,wrf0_80.420021_6.778587,wrf0_80.420021_6.778587,virtual,n/a,80.42,6.77859,0,WRF point
1100337,wrf0_80.447250_6.778587,wrf0_80.447250_6.778587,virtual,n/a,80.4473,6.77859,0,WRF point
1100338,wrf0_80.474480_6.778587,wrf0_80.474480_6.778587,virtual,n/a,80.4745,6.77859,0,WRF point
1100339,wrf0_80.501709_6.778587,wrf0_80.501709_6.778587,virtual,n/a,80.5017,6.77859,0,WRF point
1100340,wrf0_80.528938_6.778587,wrf0_80.528938_6.778587,virtual,n/a,80.5289,6.77859,0,WRF point
1100341,wrf0_80.556168_6.778587,wrf0_80.556168_6.778587,virtual,n/a,80.5562,6.77859,0,WRF point
1100342,wrf0_80.583397_6.778587,wrf0_80.583397_6.778587,virtual,n/a,80.5834,6.77859,0,WRF point
1100343,wrf0_80.610626_6.778587,wrf0_80.610626_6.778587,virtual,n/a,80.6106,6.77859,0,WRF point
1100344,wrf0_80.637856_6.778587,wrf0_80.637856_6.778587,virtual,n/a,80.6379,6.77859,0,WRF point
1100345,wrf0_80.665085_6.778587,wrf0_80.665085_6.778587,virtual,n/a,80.6651,6.77859,0,WRF point
1100346,wrf0_80.692314_6.778587,wrf0_80.692314_6.778587,virtual,n/a,80.6923,6.77859,0,WRF point
1100347,wrf0_80.719543_6.778587,wrf0_80.719543_6.778587,virtual,n/a,80.7195,6.77859,0,WRF point
1100348,wrf0_80.746773_6.778587,wrf0_80.746773_6.778587,virtual,n/a,80.7468,6.77859,0,WRF point
1100349,wrf0_80.774002_6.778587,wrf0_80.774002_6.778587,virtual,n/a,80.774,6.77859,0,WRF point
1100350,wrf0_79.848206_6.805618,wrf0_79.848206_6.805618,virtual,n/a,79.8482,6.80562,0,WRF point
1100351,wrf0_79.875435_6.805618,wrf0_79.875435_6.805618,virtual,n/a,79.8754,6.80562,0,WRF point
1100352,wrf0_79.902664_6.805618,wrf0_79.902664_6.805618,virtual,n/a,79.9027,6.80562,0,WRF point
1100353,wrf0_79.929893_6.805618,wrf0_79.929893_6.805618,virtual,n/a,79.9299,6.80562,0,WRF point
1100354,wrf0_79.957123_6.805618,wrf0_79.957123_6.805618,virtual,n/a,79.9571,6.80562,0,WRF point
1100355,wrf0_79.984352_6.805618,wrf0_79.984352_6.805618,virtual,n/a,79.9844,6.80562,0,WRF point
1100356,wrf0_80.011581_6.805618,wrf0_80.011581_6.805618,virtual,n/a,80.0116,6.80562,0,WRF point
1100357,wrf0_80.038811_6.805618,wrf0_80.038811_6.805618,virtual,n/a,80.0388,6.80562,0,WRF point
1100358,wrf0_80.066040_6.805618,wrf0_80.066040_6.805618,virtual,n/a,80.066,6.80562,0,WRF point
1100359,wrf0_80.093269_6.805618,wrf0_80.093269_6.805618,virtual,n/a,80.0933,6.80562,0,WRF point
1100360,wrf0_80.120499_6.805618,wrf0_80.120499_6.805618,virtual,n/a,80.1205,6.80562,0,WRF point
1100361,wrf0_80.147728_6.805618,wrf0_80.147728_6.805618,virtual,n/a,80.1477,6.80562,0,WRF point
1100362,wrf0_80.174957_6.805618,wrf0_80.174957_6.805618,virtual,n/a,80.175,6.80562,0,WRF point
1100363,wrf0_80.202187_6.805618,wrf0_80.202187_6.805618,virtual,n/a,80.2022,6.80562,0,WRF point
1100364,wrf0_80.229416_6.805618,wrf0_80.229416_6.805618,virtual,n/a,80.2294,6.80562,0,WRF point
1100365,wrf0_80.256645_6.805618,wrf0_80.256645_6.805618,virtual,n/a,80.2566,6.80562,0,WRF point
1100366,wrf0_80.283875_6.805618,wrf0_80.283875_6.805618,virtual,n/a,80.2839,6.80562,0,WRF point
1100367,wrf0_80.311104_6.805618,wrf0_80.311104_6.805618,virtual,n/a,80.3111,6.80562,0,WRF point
1100368,wrf0_80.338333_6.805618,wrf0_80.338333_6.805618,virtual,n/a,80.3383,6.80562,0,WRF point
1100369,wrf0_80.365562_6.805618,wrf0_80.365562_6.805618,virtual,n/a,80.3656,6.80562,0,WRF point
1100370,wrf0_80.392792_6.805618,wrf0_80.392792_6.805618,virtual,n/a,80.3928,6.80562,0,WRF point
1100371,wrf0_80.420021_6.805618,wrf0_80.420021_6.805618,virtual,n/a,80.42,6.80562,0,WRF point
1100372,wrf0_80.447250_6.805618,wrf0_80.447250_6.805618,virtual,n/a,80.4473,6.80562,0,WRF point
1100373,wrf0_80.474480_6.805618,wrf0_80.474480_6.805618,virtual,n/a,80.4745,6.80562,0,WRF point
1100374,wrf0_80.501709_6.805618,wrf0_80.501709_6.805618,virtual,n/a,80.5017,6.80562,0,WRF point
1100375,wrf0_80.528938_6.805618,wrf0_80.528938_6.805618,virtual,n/a,80.5289,6.80562,0,WRF point
1100376,wrf0_80.556168_6.805618,wrf0_80.556168_6.805618,virtual,n/a,80.5562,6.80562,0,WRF point
1100377,wrf0_80.583397_6.805618,wrf0_80.583397_6.805618,virtual,n/a,80.5834,6.80562,0,WRF point
1100378,wrf0_80.610626_6.805618,wrf0_80.610626_6.805618,virtual,n/a,80.6106,6.80562,0,WRF point
1100379,wrf0_80.637856_6.805618,wrf0_80.637856_6.805618,virtual,n/a,80.6379,6.80562,0,WRF point
1100380,wrf0_80.665085_6.805618,wrf0_80.665085_6.805618,virtual,n/a,80.6651,6.80562,0,WRF point
1100381,wrf0_80.692314_6.805618,wrf0_80.692314_6.805618,virtual,n/a,80.6923,6.80562,0,WRF point
1100382,wrf0_80.719543_6.805618,wrf0_80.719543_6.805618,virtual,n/a,80.7195,6.80562,0,WRF point
1100383,wrf0_80.746773_6.805618,wrf0_80.746773_6.805618,virtual,n/a,80.7468,6.80562,0,WRF point
1100384,wrf0_80.774002_6.805618,wrf0_80.774002_6.805618,virtual,n/a,80.774,6.80562,0,WRF point
1100385,wrf0_79.848206_6.832657,wrf0_79.848206_6.832657,virtual,n/a,79.8482,6.83266,0,WRF point
1100386,wrf0_79.875435_6.832657,wrf0_79.875435_6.832657,virtual,n/a,79.8754,6.83266,0,WRF point
1100387,wrf0_79.902664_6.832657,wrf0_79.902664_6.832657,virtual,n/a,79.9027,6.83266,0,WRF point
1100388,wrf0_79.929893_6.832657,wrf0_79.929893_6.832657,virtual,n/a,79.9299,6.83266,0,WRF point
1100389,wrf0_79.957123_6.832657,wrf0_79.957123_6.832657,virtual,n/a,79.9571,6.83266,0,WRF point
1100390,wrf0_79.984352_6.832657,wrf0_79.984352_6.832657,virtual,n/a,79.9844,6.83266,0,WRF point
1100391,wrf0_80.011581_6.832657,wrf0_80.011581_6.832657,virtual,n/a,80.0116,6.83266,0,WRF point
1100392,wrf0_80.038811_6.832657,wrf0_80.038811_6.832657,virtual,n/a,80.0388,6.83266,0,WRF point
1100393,wrf0_80.066040_6.832657,wrf0_80.066040_6.832657,virtual,n/a,80.066,6.83266,0,WRF point
1100394,wrf0_80.093269_6.832657,wrf0_80.093269_6.832657,virtual,n/a,80.0933,6.83266,0,WRF point
1100395,wrf0_80.120499_6.832657,wrf0_80.120499_6.832657,virtual,n/a,80.1205,6.83266,0,WRF point
1100396,wrf0_80.147728_6.832657,wrf0_80.147728_6.832657,virtual,n/a,80.1477,6.83266,0,WRF point
1100397,wrf0_80.174957_6.832657,wrf0_80.174957_6.832657,virtual,n/a,80.175,6.83266,0,WRF point
1100398,wrf0_80.202187_6.832657,wrf0_80.202187_6.832657,virtual,n/a,80.2022,6.83266,0,WRF point
1100399,wrf0_80.229416_6.832657,wrf0_80.229416_6.832657,virtual,n/a,80.2294,6.83266,0,WRF point
1100400,wrf0_80.256645_6.832657,wrf0_80.256645_6.832657,virtual,n/a,80.2566,6.83266,0,WRF point
1100401,wrf0_80.283875_6.832657,wrf0_80.283875_6.832657,virtual,n/a,80.2839,6.83266,0,WRF point
1100402,wrf0_80.311104_6.832657,wrf0_80.311104_6.832657,virtual,n/a,80.3111,6.83266,0,WRF point
1100403,wrf0_80.338333_6.832657,wrf0_80.338333_6.832657,virtual,n/a,80.3383,6.83266,0,WRF point
1100404,wrf0_80.365562_6.832657,wrf0_80.365562_6.832657,virtual,n/a,80.3656,6.83266,0,WRF point
1100405,wrf0_80.392792_6.832657,wrf0_80.392792_6.832657,virtual,n/a,80.3928,6.83266,0,WRF point
1100406,wrf0_80.420021_6.832657,wrf0_80.420021_6.832657,virtual,n/a,80.42,6.83266,0,WRF point
1100407,wrf0_80.447250_6.832657,wrf0_80.447250_6.832657,virtual,n/a,80.4473,6.83266,0,WRF point
1100408,wrf0_80.474480_6.832657,wrf0_80.474480_6.832657,virtual,n/a,80.4745,6.83266,0,WRF point
1100409,wrf0_80.501709_6.832657,wrf0_80.501709_6.832657,virtual,n/a,80.5017,6.83266,0,WRF point
1100410,wrf0_80.528938_6.832657,wrf0_80.528938_6.832657,virtual,n/a,80.5289,6.83266,0,WRF point
1100411,wrf0_80.556168_6.832657,wrf0_80.556168_6.832657,virtual,n/a,80.5562,6.83266,0,WRF point
1100412,wrf0_80.583397_6.832657,wrf0_80.583397_6.832657,virtual,n/a,80.5834,6.83266,0,WRF point
1100413,wrf0_80.610626_6.832657,wrf0_80.610626_6.832657,virtual,n/a,80.6106,6.83266,0,WRF point
1100414,wrf0_80.637856_6.832657,wrf0_80.637856_6.832657,virtual,n/a,80.6379,6.83266,0,WRF point
1100415,wrf0_80.665085_6.832657,wrf0_80.665085_6.832657,virtual,n/a,80.6651,6.83266,0,WRF point
1100416,wrf0_80.692314_6.832657,wrf0_80.692314_6.832657,virtual,n/a,80.6923,6.83266,0,WRF point
1100417,wrf0_80.719543_6.832657,wrf0_80.719543_6.832657,virtual,n/a,80.7195,6.83266,0,WRF point
1100418,wrf0_80.746773_6.832657,wrf0_80.746773_6.832657,virtual,n/a,80.7468,6.83266,0,WRF point
1100419,wrf0_80.774002_6.832657,wrf0_80.774002_6.832657,virtual,n/a,80.774,6.83266,0,WRF point
1100420,wrf0_79.848206_6.859688,wrf0_79.848206_6.859688,virtual,n/a,79.8482,6.85969,0,WRF point
1100421,wrf0_79.875435_6.859688,wrf0_79.875435_6.859688,virtual,n/a,79.8754,6.85969,0,WRF point
1100422,wrf0_79.902664_6.859688,wrf0_79.902664_6.859688,virtual,n/a,79.9027,6.85969,0,WRF point
1100423,wrf0_79.929893_6.859688,wrf0_79.929893_6.859688,virtual,n/a,79.9299,6.85969,0,WRF point
1100424,wrf0_79.957123_6.859688,wrf0_79.957123_6.859688,virtual,n/a,79.9571,6.85969,0,WRF point
1100425,wrf0_79.984352_6.859688,wrf0_79.984352_6.859688,virtual,n/a,79.9844,6.85969,0,WRF point
1100426,wrf0_80.011581_6.859688,wrf0_80.011581_6.859688,virtual,n/a,80.0116,6.85969,0,WRF point
1100427,wrf0_80.038811_6.859688,wrf0_80.038811_6.859688,virtual,n/a,80.0388,6.85969,0,WRF point
1100428,wrf0_80.066040_6.859688,wrf0_80.066040_6.859688,virtual,n/a,80.066,6.85969,0,WRF point
1100429,wrf0_80.093269_6.859688,wrf0_80.093269_6.859688,virtual,n/a,80.0933,6.85969,0,WRF point
1100430,wrf0_80.120499_6.859688,wrf0_80.120499_6.859688,virtual,n/a,80.1205,6.85969,0,WRF point
1100431,wrf0_80.147728_6.859688,wrf0_80.147728_6.859688,virtual,n/a,80.1477,6.85969,0,WRF point
1100432,wrf0_80.174957_6.859688,wrf0_80.174957_6.859688,virtual,n/a,80.175,6.85969,0,WRF point
1100433,wrf0_80.202187_6.859688,wrf0_80.202187_6.859688,virtual,n/a,80.2022,6.85969,0,WRF point
1100434,wrf0_80.229416_6.859688,wrf0_80.229416_6.859688,virtual,n/a,80.2294,6.85969,0,WRF point
1100435,wrf0_80.256645_6.859688,wrf0_80.256645_6.859688,virtual,n/a,80.2566,6.85969,0,WRF point
1100436,wrf0_80.283875_6.859688,wrf0_80.283875_6.859688,virtual,n/a,80.2839,6.85969,0,WRF point
1100437,wrf0_80.311104_6.859688,wrf0_80.311104_6.859688,virtual,n/a,80.3111,6.85969,0,WRF point
1100438,wrf0_80.338333_6.859688,wrf0_80.338333_6.859688,virtual,n/a,80.3383,6.85969,0,WRF point
1100439,wrf0_80.365562_6.859688,wrf0_80.365562_6.859688,virtual,n/a,80.3656,6.85969,0,WRF point
1100440,wrf0_80.392792_6.859688,wrf0_80.392792_6.859688,virtual,n/a,80.3928,6.85969,0,WRF point
1100441,wrf0_80.420021_6.859688,wrf0_80.420021_6.859688,virtual,n/a,80.42,6.85969,0,WRF point
1100442,wrf0_80.447250_6.859688,wrf0_80.447250_6.859688,virtual,n/a,80.4473,6.85969,0,WRF point
1100443,wrf0_80.474480_6.859688,wrf0_80.474480_6.859688,virtual,n/a,80.4745,6.85969,0,WRF point
1100444,wrf0_80.501709_6.859688,wrf0_80.501709_6.859688,virtual,n/a,80.5017,6.85969,0,WRF point
1100445,wrf0_80.528938_6.859688,wrf0_80.528938_6.859688,virtual,n/a,80.5289,6.85969,0,WRF point
1100446,wrf0_80.556168_6.859688,wrf0_80.556168_6.859688,virtual,n/a,80.5562,6.85969,0,WRF point
1100447,wrf0_80.583397_6.859688,wrf0_80.583397_6.859688,virtual,n/a,80.5834,6.85969,0,WRF point
1100448,wrf0_80.610626_6.859688,wrf0_80.610626_6.859688,virtual,n/a,80.6106,6.85969,0,WRF point
1100449,wrf0_80.637856_6.859688,wrf0_80.637856_6.859688,virtual,n/a,80.6379,6.85969,0,WRF point
1100450,wrf0_80.665085_6.859688,wrf0_80.665085_6.859688,virtual,n/a,80.6651,6.85969,0,WRF point
1100451,wrf0_80.692314_6.859688,wrf0_80.692314_6.859688,virtual,n/a,80.6923,6.85969,0,WRF point
1100452,wrf0_80.719543_6.859688,wrf0_80.719543_6.859688,virtual,n/a,80.7195,6.85969,0,WRF point
1100453,wrf0_80.746773_6.859688,wrf0_80.746773_6.859688,virtual,n/a,80.7468,6.85969,0,WRF point
1100454,wrf0_80.774002_6.859688,wrf0_80.774002_6.859688,virtual,n/a,80.774,6.85969,0,WRF point
1100455,wrf0_79.848206_6.886719,wrf0_79.848206_6.886719,virtual,n/a,79.8482,6.88672,0,WRF point
1100456,wrf0_79.875435_6.886719,wrf0_79.875435_6.886719,virtual,n/a,79.8754,6.88672,0,WRF point
1100457,wrf0_79.902664_6.886719,wrf0_79.902664_6.886719,virtual,n/a,79.9027,6.88672,0,WRF point
1100458,wrf0_79.929893_6.886719,wrf0_79.929893_6.886719,virtual,n/a,79.9299,6.88672,0,WRF point
1100459,wrf0_79.957123_6.886719,wrf0_79.957123_6.886719,virtual,n/a,79.9571,6.88672,0,WRF point
1100460,wrf0_79.984352_6.886719,wrf0_79.984352_6.886719,virtual,n/a,79.9844,6.88672,0,WRF point
1100461,wrf0_80.011581_6.886719,wrf0_80.011581_6.886719,virtual,n/a,80.0116,6.88672,0,WRF point
1100462,wrf0_80.038811_6.886719,wrf0_80.038811_6.886719,virtual,n/a,80.0388,6.88672,0,WRF point
1100463,wrf0_80.066040_6.886719,wrf0_80.066040_6.886719,virtual,n/a,80.066,6.88672,0,WRF point
1100464,wrf0_80.093269_6.886719,wrf0_80.093269_6.886719,virtual,n/a,80.0933,6.88672,0,WRF point
1100465,wrf0_80.120499_6.886719,wrf0_80.120499_6.886719,virtual,n/a,80.1205,6.88672,0,WRF point
1100466,wrf0_80.147728_6.886719,wrf0_80.147728_6.886719,virtual,n/a,80.1477,6.88672,0,WRF point
1100467,wrf0_80.174957_6.886719,wrf0_80.174957_6.886719,virtual,n/a,80.175,6.88672,0,WRF point
1100468,wrf0_80.202187_6.886719,wrf0_80.202187_6.886719,virtual,n/a,80.2022,6.88672,0,WRF point
1100469,wrf0_80.229416_6.886719,wrf0_80.229416_6.886719,virtual,n/a,80.2294,6.88672,0,WRF point
1100470,wrf0_80.256645_6.886719,wrf0_80.256645_6.886719,virtual,n/a,80.2566,6.88672,0,WRF point
1100471,wrf0_80.283875_6.886719,wrf0_80.283875_6.886719,virtual,n/a,80.2839,6.88672,0,WRF point
1100472,wrf0_80.311104_6.886719,wrf0_80.311104_6.886719,virtual,n/a,80.3111,6.88672,0,WRF point
1100473,wrf0_80.338333_6.886719,wrf0_80.338333_6.886719,virtual,n/a,80.3383,6.88672,0,WRF point
1100474,wrf0_80.365562_6.886719,wrf0_80.365562_6.886719,virtual,n/a,80.3656,6.88672,0,WRF point
1100475,wrf0_80.392792_6.886719,wrf0_80.392792_6.886719,virtual,n/a,80.3928,6.88672,0,WRF point
1100476,wrf0_80.420021_6.886719,wrf0_80.420021_6.886719,virtual,n/a,80.42,6.88672,0,WRF point
1100477,wrf0_80.447250_6.886719,wrf0_80.447250_6.886719,virtual,n/a,80.4473,6.88672,0,WRF point
1100478,wrf0_80.474480_6.886719,wrf0_80.474480_6.886719,virtual,n/a,80.4745,6.88672,0,WRF point
1100479,wrf0_80.501709_6.886719,wrf0_80.501709_6.886719,virtual,n/a,80.5017,6.88672,0,WRF point
1100480,wrf0_80.528938_6.886719,wrf0_80.528938_6.886719,virtual,n/a,80.5289,6.88672,0,WRF point
1100481,wrf0_80.556168_6.886719,wrf0_80.556168_6.886719,virtual,n/a,80.5562,6.88672,0,WRF point
1100482,wrf0_80.583397_6.886719,wrf0_80.583397_6.886719,virtual,n/a,80.5834,6.88672,0,WRF point
1100483,wrf0_80.610626_6.886719,wrf0_80.610626_6.886719,virtual,n/a,80.6106,6.88672,0,WRF point
1100484,wrf0_80.637856_6.886719,wrf0_80.637856_6.886719,virtual,n/a,80.6379,6.88672,0,WRF point
1100485,wrf0_80.665085_6.886719,wrf0_80.665085_6.886719,virtual,n/a,80.6651,6.88672,0,WRF point
1100486,wrf0_80.692314_6.886719,wrf0_80.692314_6.886719,virtual,n/a,80.6923,6.88672,0,WRF point
1100487,wrf0_80.719543_6.886719,wrf0_80.719543_6.886719,virtual,n/a,80.7195,6.88672,0,WRF point
1100488,wrf0_80.746773_6.886719,wrf0_80.746773_6.886719,virtual,n/a,80.7468,6.88672,0,WRF point
1100489,wrf0_80.774002_6.886719,wrf0_80.774002_6.886719,virtual,n/a,80.774,6.88672,0,WRF point
1100490,wrf0_79.848206_6.913757,wrf0_79.848206_6.913757,virtual,n/a,79.8482,6.91376,0,WRF point
1100491,wrf0_79.875435_6.913757,wrf0_79.875435_6.913757,virtual,n/a,79.8754,6.91376,0,WRF point
1100492,wrf0_79.902664_6.913757,wrf0_79.902664_6.913757,virtual,n/a,79.9027,6.91376,0,WRF point
1100493,wrf0_79.929893_6.913757,wrf0_79.929893_6.913757,virtual,n/a,79.9299,6.91376,0,WRF point
1100494,wrf0_79.957123_6.913757,wrf0_79.957123_6.913757,virtual,n/a,79.9571,6.91376,0,WRF point
1100495,wrf0_79.984352_6.913757,wrf0_79.984352_6.913757,virtual,n/a,79.9844,6.91376,0,WRF point
1100496,wrf0_80.011581_6.913757,wrf0_80.011581_6.913757,virtual,n/a,80.0116,6.91376,0,WRF point
1100497,wrf0_80.038811_6.913757,wrf0_80.038811_6.913757,virtual,n/a,80.0388,6.91376,0,WRF point
1100498,wrf0_80.066040_6.913757,wrf0_80.066040_6.913757,virtual,n/a,80.066,6.91376,0,WRF point
1100499,wrf0_80.093269_6.913757,wrf0_80.093269_6.913757,virtual,n/a,80.0933,6.91376,0,WRF point
