old_hash_id,new_hash_id
0af5ecec986be44699e267415799b8b349eeb4e4925881a9fad5cf47fa8f3019,fa8f6ddb3d7e5c36ef2be45b473d93fe7166d21d1901232e92af303f3ca24518
0d74525b6e625019c2e7375f45baf4fbc015f7b33c67034285b972848c5f4b01,bf03a160087a98d3a5e5c3563dc59524fce75ff1df9c11c48dc8fe6d475c7f67
1296ac4e2293abc8e4eb83e6b225c9ae953803b0987c1b95ef7aa289a8311159,02d173ca1eeae195655b4af20de1c942ce1942fde796431edd48a2daeaeedab7
198e7bfa7c80a03e4fa2d5c8caebf4701cdc924b9de6990c7795256ed119824a,472f09c502c97343055cddf2837b0d59ae1c3c70377bc3c8ef899be4efa2b88e
1ab22d8936115db3c173e44bd69fd14e5bec99920307163afa811c82a0b43206,edede8d2cbdfc59edac66442facee25be1d9b949137cd69b36c84dabe01314da
1ce1d5b46adc69d29c3dfde3f0f956d06050792827d4340cabd1079162c6bff8,3bcc33dd3be10995f2fd80b667b47dec3284079beadf675a786e2811b7b4d4a7
1da94ee0862624e3df6b760cc462122ee9c9eb1a475dc66da6289e357b5f33c5,37b7ebe0e1a9eb9b8aa386c2b70e6d593fb4e60b3f88a4b17561e2c89092bccc
2cdd9cae859d1879cc896c1a295102db4279b42d0f66460ecd349b0fa1a58a91,3f8a2480056502ea64a7ff00d6d38482a70dfdbf3bea73bae35dce0749f8690d
327623fdbfa1443611273a2cd99372fdabd519d415d76839b17155f4f63c3b0f,2de742e88ad2185a31c5daad8b99d35f06054426086cf730f8bcaa84c1100b2d
3927dfdb7d2fa6f1cb64de364dea5cd77ea3ef33dac495b92be0229976b103b9,fb77429034ee328193d53afdd263c93437e8f1373e6ee12ab22470c0c18d2ec6
3a174dcf50ea812d25417a1f5f735c25cadf159dd8eb3016c3b549e1dcf9e739,a8655fb2898603763583d70475c8a9525f6582264aba06f0dd9e992f5e829606
419862b98fb5138b7fee5e9da9a5c53ccb98f2d2e3fd93f07068a89307efe5f7,7c4e07c1c5ddead31ba57e0ad1576ff5957d4215c8b9d9ccaa685f93efd9bcd1
429c08bfbb0ba7ece50c24ed5eb6d030c7a3595662faf78819accfbcfa26b9de,cce458dce8299cb085fe4763c8e7ed2dac7d32b94398cde6b058e8051e3df409
56453758b300b49c0bac01cbdccb3590b02ea847f1f2dd0a1998594f6952e4a6,e649b163918f92ebbc996b055e1fd69ff3bc5b6796cf46ef4b13c122bfebe03e
5c5210be1577a01a138fd646dff963fe4974c4dab1accd175cc8ff73cf11bae8,e3cf0014ecd41f3fe6fd9e74976ba69f2fa109aba8202031840b5100915817fc
70648fc7b9abd08530b1d735b5db19b3e940b8b5b72dd696c8114b0c4b01a6d2,5a5ddbe0cdddd390488c4305789c4688f94b78bb31efbf9cbe54cc073eceeb5f
74ea6b5d24ac99c83f84c9d511c8fbc2aa6198ab0c8f95373080f409d71b19e4,a2da3ad87d2ab3284b976d29a678e2814f51a23bd8c14849e4d2a84d8cad01dd
7911e307dd39d4c13a40f79f5df918f21eec0ec2d30f3aae65a29691d30b859c,b7300cffca648270b714fa1b8e75b1848d1c62f4a14c00c73f8fa9d28019c76d
7a735c24e0b9dc46ab14d11e0095cd14f0d59714a88ef9bdc5329b9f272a4317,386fe6e18446e2d1f31a7524454d2c812f681390bcc8ec51b97ce5516103cd84
7b285b184a959751aae7a37735e3fe026895927155e05a6c4d302210328ccde0,98330fc254733a866d40fd068c000c151b673f49783a3bef98c72ef49d899755
7dff1037732c33513c4b4bd76bfe700a2166c904de9e0382c0c80e039c038dde,e68730a992839c07df56f07813deaad6cf16ad5417f4f0d087eff47cd9e89d72
7faf3000db22cd73e09590f00a739e8a361d838cca49c2ba899aa3e6f4809e2c,8f03f9a2e55ff64c91c3ce8574bb2c5e0310d44ea2a8622de56790ab432a7b37
7ff0e0d89fbe888494b386a8011e2e71d97503249391a11d9bf687955026182a,565bc94efa9df35dc449a3ffa4a266fc2e105272361b5ceeb581d6714e7ae978
8a8647d9df122b89ed25628ec21487367339fd89a5194c51cdade88e5fe79868,5b2325a5a76a1be011a20ea2456c6536736c45d8149b48f5e968e78fad145cb5
8c43f4cb91732da5948f2345dd8ee7cf13f3ca98606b404369bdbd98fb5947ce,12b9e95b3fd4cb93b1317fcf3c8140888ec780f5f21d3664fc87087becb6c56c
9129b4e4a521897fb73610f4d08f165f74ecb04ac9134b77576c8c76b670963a,3807df043f98c8d84874a06e9c9cb596733ed13ecd23b7c2da9dc75850530563
9713d404cedbccf08be7799072c1938989260e4de261b9386302d13b517ef10b,428193cd92663b3234981b390ee2443d152a4a577126ae825401822783319100
9794fc574333193311c6399260819355bd30b9f66f71168a56ccbe66d73faac6,28172ec847dbec1f380948bb9eb88b8312cad67139000f9752773a0e275290cb
99aeb67cc30c296f217a879fde04b3f564cde4e0db12a827cd75049a0a858469,0582d0b8d84aec8325a9c4260717fabe67f03ec5836cacc87b15fe30c036da06
9dffdcda5ec23f11fa120cb1287a126171d3db1169357405ed32c2533b08e229,1f2e5246ce03c18f1fec4e07da9f26c71b9e19b9cb47cf939d96810b81cbef81
a1943e38a85f0332b0e695f84712b30336c4bdabecdb252bcd53062ff95ee53e,3807df043f98c8d84874a06e9c9cb596733ed13ecd23b7c2da9dc75850530563
a54f9534b693276495283793a214f89399b398367078c253c03cb2a2060ab024,645f340050c380f5e3eea41bd09660ba67805e4449f758e930b186f4f0e0261f
a6ebda1bb2cb657d6783964227ba5fbcc85285d1955cffd5e4b553c1a7de6a1f,aba018a986577e85815d314075c864a26931472d0d9c819e44fd8856a8809574
a82afc7cfdcc8ab72b0538fa2f5c8160638cf63bfdafa1e1fe7928f6660c4f85,0e1ea6e9a9044e334b7604b3f62b495d736bcf0ef57456c25b3e745a1183fdbd
aeddcaddfe82d0abb1c8434f5e82933aa3ff3c63aa55bf80ba87b212aba58d8c,ad8da54af0d263611974461ec4e2548883008a81186987568a161b1de3bd5c03
aff5532662bef13a01792bdbd89fee48e64b94641d43728c81c538972b3bb3f1,37f77a23c79c3229dda1a6cd927777a1bde6206b0c6eef75f896b528d32a5b24
b0176d0255b1467cc611822ced1dee3407e2403b88eb1c056fffa870abacd8af,0e719b1039ee2a5f31f312c5457e3ae876337a3cd809ab870ef66a0bbff6c185
b0ca4473a744cc6aeddd98f319658257b0046ca62b240505c6658e45dbf8f12b,74c99d00855d3901f5c69ca3fc74b2b5f17537d14357a90a1872e0a45b9ed640
b1a3f3b458e68295d1ec7c07042712b2ce94cdf7434fb74866bb310ce17d5e71,21183acd8ee7b18285c1804bb6bf7fe646f4329a7bc155b4285651987f26c500
b3b62240a94838b7d4bcc65665a638a78b6f13a0651ccfa46f1e83c6ae560499,7e7044a8e616fad032a484f741634b86cd633d8b4a65750228de68cd74828664
b7751a87e5ef0b31bc57a1809459dde62e80a1d908a60e8ee10358603b3141fd,a7f0153c691d5276390d160b23698c75dc1004e2b50da51148b21db70042792e
bbab011d9e8613a19d798b0d82371a1d5a3b5fa106f155d88d40f00d0f9c8171,f09a68a04147621df107cd2df6c0b027b2a5488895b978d6208b9561977a44a7
c63f18446b83d42252c903df305c0a14622490c004cc35c1fd5d359bb0fdd016,0e60ea0a44b6dc678fb2e8c10ca8988d09778d28914053a14275817220a915de
c9a5ed8264633afe15fcaeabf5249fa9dc62eeb1bb780ecf8d4fc46d78d04da3,70a303bf78c6d14a5bb5647430a60c56d14781412c73f33ae6b6d3978f608fc7
cbf873efcc26f7d83c5a29ceb0b601fde45bb117167ec3b43a017dd5deb7d7c1,4f38e773ed50304f253f4af4ff2ce9344eeb8461a29c0d94891b3e81299ab1d2
cfdcef935ce3a9f2ee7c8c67089282722248774cd77997b79d2f591a0dd90d5d,21909cd48414c80a4b1da70132d857c61472f93b985dad4dce5a8cf8e6fabe6e
d279a32c420b87b4d30224e0b60f243d639a6b3fc443bfa3cfc5462254c4255c,b7e7068131aacb09d866cb34348e53d02930f78b92dae4b73a60f46008cbf490
d38fdf68551bad23a6ea672cc0106dd56e6a2ea6f3bd05e904fc2d7dfb6a6d33,d6258d87e409b4cd667ee5915ebb4fd055ef3443480a6959c1c7cd7febcfcbd3
d88828d30b0040ac131e7f41fe4733fd16bd2eccaf07a03996dd4a9dfa71a491,9504c2e0a4d3d01351cf42282a4d355088bc284f83df8e3b73dbe9f009522588
d97d828b2165159c053f0740fd3c834bceb8bfa5cf5833e40744c448816df1c7,adfbb3f49ae1a4f819c1e1d9acf0cc83e3404bf80129d21390c681cd503cd017
da0fd39ffc9aadf4ed9f027994470123dce48b7a52ec7ed2139b07b2beac5f01,75e3a6842d65beaf532e307999861b6d01dc7c8a82a48adf5be7c55165eca9ce
dff339b407da90d24843d9086254be5df09276934e5dfb904b784f1a98096384,c0fc090da79677e86786effd1d3c0f1bad9229c300ff367c5fb4d48247e434b6
e32d036201b193da24454fe80b5f81c9267f7e5ee7b3838aa4ba1cc1ee7d7d11,33bd55096c420127d09da2e7ef35fe01d4b278752cab5c4b2d209b360814f633
e64f948016c3ceeac30b4c3b67d5d9f14f1af3bd9e4afddc226321967e2dfdbb,42e941d9b5f1b9e3143574b757adf7f8dbd01b42522b39bf9fb617a99fb404e6
e9b1ecf3e51496378da180ff508fdb1513d50002dedafafc91209979b495dd06,0e60ea0a44b6dc678fb2e8c10ca8988d09778d28914053a14275817220a915de
f2104d445b7df5ff1134ff0abb1aaf4c613af83ee454a5e6990022e2f6482828,4414f05333cc21432145f05e5ad839dcc5bd703864b5908b962f60d5f25d506c
f6ebf509f60715b5604582a27008a735b543e76872393c83bd701db8a4e1a9ed,1931342681afbc22d9cdb198393e651c0e618add27f36b1ed9ec8902587c7ed2
fcd9608cafcb5e48b7c93f6fe61feb8803cea591a2c93bebb9244c47dc116a53,23be9d1b933574a54e34b787839839f9335552f08303952b5333d75453635c00
