id,name
009f24758234872e28f25f3705576d7ffa2c24981b893bd0fb0739eb71309036,Kittampahuwa
08f3846e0ea2bd0adb0d68ab912d9a431ce68b1bba86a232e257ffb813be9f65,Madiwela
0c53f845042c4a290bee33ec0e3887869d76336d19cdbf3031aaca1e1d905ca5,Jaffna
10a5f9218d714384372915b146c0685f6f38da3c39d9782e99831ac9db512f48,IBATTARA4
1296ac4e2293abc8e4eb83e6b225c9ae953803b0987c1b95ef7aa289a8311159,Mutwal
198e7bfa7c80a03e4fa2d5c8caebf4701cdc924b9de6990c7795256ed119824a,Malabe
1ce1d5b46adc69d29c3dfde3f0f956d06050792827d4340cabd1079162c6bff8,Kotikawatta
22dc3a0aed19c2e821b27dd7e0ddd245de0d3a43684cfd7850e0862d3adf6b99,Kompannaveediya
26cd91ccbedca5496a9be3e7deb33102bcfd7dfb7f784c06d40e83d90f99e6a6,Kahawatta
2a44a9b1092663ea0944128d9e6d53bbdb3876b280ac501487b011587503ab35,Gonawala
2db280b25876d67a50fb31ee1b5a9e1eda4c2a83ffb6feb4406b134b03f4745a,Angurukaramulla
2f50e5e8db4528b7519de806e988ef330de38521f16bc9a09d1c6595d1936d6d,Kalawana
35b17689a81f0ddcea2d6e82192df8c0bc57084bd64988956389f74e6fa2cd0a,Norwood
363c21491a1c5607283b325276b8d78a90e240de70c6d399c3c905ae1d21040f,Kithulgala
390d37376b855dd07dea6286a4fcdc3bd1aacb929a7cc0309f7c4a9e68e80370,Isurupaya
3fb96706de7433ba6aff4936c9800a28c9599efd46cbc9216a5404aab812d76a,"KLB Obs"
440218e5612a79e8e8973c6f14a20c215b202f8faecebc774f9f7e0f7cfbb06a,Holombuwa
532be21866492dfa53e7742a1571fd3bb1fd79a7b465cb9f39082885fd3e1939,Isurupaya
53d4ea31839687934a56322738c0d18ce6f19693f99411f49105f1b9e9d6b1d2,"Urumewella Study"
57187df95a683fdec498dde68b83fabcb427cf18cc1a25eb2789f9fb75046492,Mahapallegama
57954d510be848f23b5205c9b65ca19ea37f93a91a3d2f095f66d39cacf9926d,Kalutara
5dc3c59245a645d20c12d08251b18649570e7eb492a795d541ffd5d6114fdb80,Maskeliya
6651637cc8a53014f148abc7c45be41d4cc7f5f3e5cc8380e085beff1fe29f12,Arangala
6a6a58a1625f3454c6a9f343bcc796db3bc68231e64fbefd696fb3745c5237bf,Hanwella
7306cf49c58964b955eae47bc644e1f71e20c7bdc51a701bc2d7a58f7cdd4851,Yatiwawala
7dff1037732c33513c4b4bd76bfe700a2166c904de9e0382c0c80e039c038dde,Attidiya
7f58b84e42bfe8cfdd2cce271809d0bbed54b28a57c991df815f88aeeb526701,Dompe
7faf3000db22cd73e09590f00a739e8a361d838cca49c2ba899aa3e6f4809e2c,"Waga Study"
84f108c3ae0c433cc128df17c75a9bb03ea8614ca99f4bfec668407fbae9c11f,Orugodawatta
86a5644d7cb6f0e7b0b2f7de33bd97ab98752e9148331efea30441e0e7e9ae6b,Waga
8a8647d9df122b89ed25628ec21487367339fd89a5194c51cdade88e5fe79868,Uduwawala
8cc6aa244732628008f6f3f59e78b439eb2f7313e1a53354a3ff78abf464c9f9,Kitulgala
8dd9fe7d834d84ea13d7cdacd10e2c5202d2d2d390de5d1ae98511ca46494a93,Borella
90f7b1c268014f983ebe9033fcd269115886d6a4b4db93e953c22caa854e7121,Aruwakkalu
921963f871f3fb2fbf971a1d30e2eeb5c1659f9e1b4806ccff9d12a8ffd835da,Hirimbure
9713d404cedbccf08be7799072c1938989260e4de261b9386302d13b517ef10b,Orugodawatta
97664cf4b38d55d7d797136ac85beeef2de7a6893f9afde722faeacb85b62560,"Mahapallegama Study"
981aff26d000f95d1f23d203f6c2b15d35502421b742d61451fd8b86ab33d73d,Battaramulla
a0d16dc73029af491d3438d1805b653822395f113354594432798097d27641b1,Daraniyagala
a5ceabd147688442d2b8b123915a8420cde1a24c38e65ab27bb74e2bf492d9a5,Daraniyagala
a82afc7cfdcc8ab72b0538fa2f5c8160638cf63bfdafa1e1fe7928f6660c4f85,"Mahapallegama Study"
a902b01e5661ef99000d0677b21725e01b53c3da7f74f47f6933624e14056583,Hirase
a9b6e7c8a3e30f4b05ab95dfb70381314edab5552126fe96ea7e645f0d214238,Colombo
ac734b241d5522c5d86f709541645e1075ee04e431aa371ed7e61af909273633,Boralasgamuwa
aeddcaddfe82d0abb1c8434f5e82933aa3ff3c63aa55bf80ba87b212aba58d8c,"Kottawa North Dharmapala School"
b0e008522be904bcf71e290b3b0096b33c3e24d9b623dcbe7e58e7d1cc82d0db,"KUB Obs"
b17ef7d53cd14878706f2b8c0ccfc9c3ffa5728452dd0416706f9895f86fb7d8,Neluwa
b4fb49ded54a0c9dfbc212d8707b2d6c6429c2e43a4c09622ba6730673b29b4a,Kitulgala
b7751a87e5ef0b31bc57a1809459dde62e80a1d908a60e8ee10358603b3141fd,IBATTARA2
bafa594125406289bf82eff10e58ca0b5bdbd1b37d468ee982d8a7c0f7ea56cd,"Norton Bridge"
bda0c85fe4233e52b6e99976769ad729f7c3ffa038a6b9dd1498661f1caddec4,Borella
c10ee4bf85024182ac0d3f96eaa7f5e0395a6a3736c69a098d96af09de7a5be9,Akurassa
c395431c6ac08909f58e9ec1e7cc7d80b296dd8ae5406541602762956575a541,Norwood
c3c9ca5a33fa0d59bcd59d35bc25c911b0b2738b9c8973905bc6d912d4e3d6eb,Urumewalla
c63f18446b83d42252c903df305c0a14622490c004cc35c1fd5d359bb0fdd016,"Hingurana Study"
c9a5ed8264633afe15fcaeabf5249fa9dc62eeb1bb780ecf8d4fc46d78d04da3,"Jaffna Study"
cbf873efcc26f7d83c5a29ceb0b601fde45bb117167ec3b43a017dd5deb7d7c1,Kohuwala
cf0979af311a123ed60dec370e13c5866abb9ed327f25f6371018fbc507b9fad,Makumbura
d38fdf68551bad23a6ea672cc0106dd56e6a2ea6f3bd05e904fc2d7dfb6a6d33,"Ambewela Farm"
d62d869c8f2db041d465b7e8aeb2286fcb82c64eac17a8ff9f386e13c6ddcc51,Ratnapura
da0fd39ffc9aadf4ed9f027994470123dce48b7a52ec7ed2139b07b2beac5f01,Mulleriyawa
da21614ff5746208e4c8b1b8808cddde890c11d06ed38102ea79eedb2a65921f,Hirimbure
e8d501ed3fb178064b9c115b54db713913ed28e9a4dca4bd63aa7fbcef345703,Glencourse
e9b1ecf3e51496378da180ff508fdb1513d50002dedafafc91209979b495dd06,"Hingurana Study"
ea8d93dee61ae3ef2d4c89324c082e61aa93572ce29a2ccb8d7dc9d0382bf4ae,Yatiwawala
ecc89f516b7c5aa8d2d06e07f4bdc293aeb957fd5272ad75385e7a2e5b9e3015,Hanwella
ee8a1a1af66129a6f0c1ab65e3aeee2709a261cd9043afb2d277279653033bd3,Kompannaveediya
f2104d445b7df5ff1134ff0abb1aaf4c613af83ee454a5e6990022e2f6482828,Dickoya
f4a100d080305bbc3eab12d2adf1658b8e5c79298b2ecaaa94eb4948dc9a0fac,Angurukaramulla
f934c5b1287109f71be5481a418167215e8a20dee2d7f370193e125576013074,"Hingurana Study"
fa56f5a3d3a9643eb6b05d46fda0e912902142bf5c82c01985e5253ede3008a6,Glencourse
